ESTIMATE OPTION 1 - WITH EXCEL IMPORT/EXPORT,,,,,
Component,Task,Hours,Notes,,
Backend - Database,Create migrations for all new fields (3 tables),2,Batch migration for efficiency,,
Backend - Database,Create CommodityResource lookup table,0.5,Simple lookup table,,
Backend - Models,Update 3 models + DTOs with new fields,2,ProposalProduct ContractPrice ContractVersionPrice,,
Backend - Validation,Add all validation logic,4,isNoBid commercialPriceType commodityPriceType PTV NOI,,
Backend - Services,Update core services,3,ProposalService ContractService ContractPriceService,,
Backend - Services,Update workflows,1.5,BulkRenewalService ContractVersionRepository,,
Backend - Services,Update proposal-to-contract conversion,2,Map all new fields,,
Backend - Reports,Update both reports,2,ContractOverTerm + ContractPricing,,
Backend - Excel Template,Add 12+ new columns to template,2,isNoBid noBidReason commercialPriceType etc,,
Backend - Excel Import,Parse new fields from Excel,3,Read 12+ new columns,,
Backend - Excel Validation,Validate conditional logic in Excel,6,COMPLEX - check if user filled multiple price types,,
Backend - Excel Validation,Validate PTV pairs,2,MaterialID and PTV must be together,,
Backend - Excel Validation,Validate isNoBid logic,2,If isNoBid then noBidReason required,,
Backend - Excel Error Messages,Clear error messages for users,2,Help users fix Excel errors,,
Backend - Testing,Core testing,2,Validation + workflows,,
Frontend - Models,Update interfaces + enums,1,TypeScript interfaces,,
Frontend - Proposal,Update 4 proposal components,12,View Edit Create Awards - reusable logic,,
Frontend - Contract,Update 3 contract components,8,View Form EditVersion - reusable logic,,
Frontend - Shared,Conditional field logic + NOI + PTV,4,Shared across all components,,
Frontend - Reports,Update report UIs,2,Add new columns,,
Frontend - Excel UI,Excel upload + error display,3,Show validation errors clearly,,
Frontend - Testing,Component testing,2,Critical paths,,
Deployment,Deploy all changes,1,Automated deployment,,
SUBTOTAL OPTION 1,,,67,With Excel Import/Export,
,,,,,
ESTIMATE OPTION 2 - WITHOUT EXCEL IMPORT/EXPORT (RECOMMENDED),,,,,
Component,Task,Hours,Notes,,
Backend - Database,Create migrations for all new fields (3 tables),2,Batch migration for efficiency,,
Backend - Database,Create CommodityResource lookup table,0.5,Simple lookup table,,
Backend - Models,Update 3 models + DTOs with new fields,2,ProposalProduct ContractPrice ContractVersionPrice,,
Backend - Validation,Add all validation logic,4,isNoBid commercialPriceType commodityPriceType PTV NOI,,
Backend - Services,Update core services,3,ProposalService ContractService ContractPriceService,,
Backend - Services,Update workflows,1.5,BulkRenewalService ContractVersionRepository,,
Backend - Services,Update proposal-to-contract conversion,2,Map all new fields,,
Backend - Reports,Update both reports,2,ContractOverTerm + ContractPricing,,
Backend - Testing,Core testing,2,Validation + workflows,,
Frontend - Models,Update interfaces + enums,1,TypeScript interfaces,,
Frontend - Proposal,Update 4 proposal components,12,View Edit Create Awards - reusable logic,,
Frontend - Contract,Update 3 contract components,8,View Form EditVersion - reusable logic,,
Frontend - Shared,Conditional field logic + NOI + PTV,4,Shared across all components,,
Frontend - Reports,Update report UIs,2,Add new columns,,
Frontend - Testing,Component testing,2,Critical paths,,
Deployment,Deploy all changes,1,Automated deployment,,
SUBTOTAL OPTION 2,,,49,Without Excel Import/Export,
,,,,,
COMPARISON SUMMARY,,,,,
Option,Total Hours,Days (8hr),,,Recommendation
Option 1 - With Excel Import/Export,67,8.4 days,"$8,040 ",9-10 days,Higher risk
Option 2 - Without Excel Import/Export,49,6.1 days,"$5,880 ",7-8 days,RECOMMENDED
Savings by removing Excel,18 hours,2.3 days,"$2,160 ",2-3 days,27% cost reduction
,,,,,
EXCEL COMPLEXITY BREAKDOWN,,,,,
Excel Task,Hours,Why So Complex,,,
Template Generation,2,Add 12+ new columns with proper headers formatting,,,
Import Parsing,3,Read and parse 12+ new fields from Excel,,,
Conditional Validation,6,Check if user filled BOTH Delivered AND FOB (error),,,
,,Check if user filled BOTH FFS AND PTV (error),,,
,,Check if isNoBid but also filled prices (error),,,
,,Check if NOT isNoBid but missing commercialPriceType (error),,,
PTV Pair Validation,2,MaterialID_1 requires PTV_1 (and vice versa),,,
,,Same for pairs 2 and 3,,,
isNoBid Validation,2,If isNoBid=true then noBidReason required,,,
,,If isNoBid=true then prices should be empty,,,
Error Messages,2,Clear messages to help users fix Excel,,,
,,Row-by-row error reporting,,,
Frontend UI,3,File upload error display validation feedback,,,
TOTAL EXCEL,18,This is realistic for complex validation,,,
,,,,,
CHRISTMAS DEADLINE,,,,,
Today,December 9 2024,,,,
Christmas,December 25 2024,,,,
Working Days Available,12 days (excluding weekends),,,,
Option 1 Timeline,9-10 days (VERY TIGHT),,,,
Option 2 Timeline,7-8 days (COMFORTABLE),,,,
Buffer Option 1,2-3 days,,,,
Buffer Option 2,4-5 days,,,,
Recommendation,Option 2 - safer for Christmas deadline,,,,
,,,,,
WHAT'S INCLUDED (BOTH OPTIONS),,,,,
Feature,Option 1,Option 2,Notes,,
12+ new fields on 3 tables,YES,YES,All pricing fields,,
CommodityResource lookup table,YES,YES,Material IDs,,
Complete validation logic,YES,YES,All business rules,,
Proposal-to-contract workflow,YES,YES,Field mapping,,
Bulk renewal workflow,YES,YES,Field copying,,
Contract versioning,YES,YES,Projection logic,,
Both reports updated,YES,YES,New columns,,
4 proposal components,YES,YES,View Edit Create Awards,,
3 contract components,YES,YES,View Form EditVersion,,
Conditional field logic,YES,YES,Show/hide based on selections,,
NOI calculation,YES,YES,Auto-calculated,,
Dynamic PTV pairs,YES,YES,Up to 3 pairs,,
Excel import/export,YES,NO,Only in Option 1,,
Comprehensive testing,YES,YES,Critical paths,,
Production deployment,YES,YES,Fully deployed,,
,,,,,
WHY OPTION 2 IS BETTER,,,,,
Factor,Option 1,Option 2,Winner,,
Cost,"$8,040 ","$5,880 ",Option 2 saves $2160,,
Timeline,9-10 days,7-8 days,Option 2 is 2 days faster,,
Christmas Buffer,2-3 days,4-5 days,Option 2 has more buffer,,
Risk,High (Excel validation),Medium,Option 2 is lower risk,,
User Experience,Excel upload,Real-time UI validation,Option 2 is better UX,,
Maintenance,Higher (Excel logic),Lower,Option 2 easier to maintain,,
,,,,,
CLIENT COMPARISON,,,,,
Estimate Source,Backend,Frontend,Excel,Total,
Client Java Estimate,4 hours,8 hours,Multi-day,16+ hours,
Our Option 2,19 hours,29 hours,0 hours,49 hours,
Our Option 1,19 hours,29 hours,18 hours,67 hours,
,,,,,
WHY HIGHER THAN CLIENT,,,,,
Our estimate includes:,,,,,
- All 7 components (4 proposal + 3 contract) not just basic changes,,,,,
- Both reports (Contract Over Term + Contract Pricing),,,,,
- All workflows (Proposal-to-Contract Bulk Renewal Versioning),,,,,
#NAME?,,,,,
#NAME?,,,,,
#NAME?,,,,,
,,,,,
Client estimate is likely for basic changes only,,,,,
Our estimate is for production-ready fully tested deployed solution,,,,,
,,,,,
PAYMENT TERMS,,,,,
Option 2 ($5880):,,,,,
- 50% upfront: $2940 (to start development),,,,,
- 50% on completion: $2940 (before Christmas delivery),,,,,
,,,,,
Option 1 ($8040):,,,,,
- 50% upfront: $4020 (to start development),,,,,
- 50% on completion: $4020 (before Christmas delivery),,,,,
,,,,,
TIMELINE BREAKDOWN,,,,,
Day,Option 2 Tasks,Hours,Status,,
Day 1-2,Backend database + models + validation,12,Dec 9-10,,
Day 3-4,Backend services + workflows + reports,12,Dec 11-12,,
Day 5-6,Frontend components + shared logic,12,Dec 13-16,,
Day 7,Frontend reports + testing,12,17-Dec,,
Day 8,Deployment + smoke testing,1,18-Dec,,
COMPLETE,Option 2 Done,49,18-Dec,,
Buffer,4-5 days before Christmas,,Dec 19-24,,
,,,,,
Day,Option 1 Tasks,Hours,Status,,
Day 1-2,Backend database + models + validation,12,Dec 9-10,,
Day 3-4,Backend services + workflows + reports,12,Dec 11-12,,
Day 5-6,Backend Excel (template + import + validation),17,Dec 13-16,,
Day 7-8,Frontend components + shared logic,12,Dec 17-18,,
Day 9,Frontend reports + Excel UI + testing,7,19-Dec,,
Day 10,Deployment + smoke testing,1,20-Dec,,
COMPLETE,Option 1 Done,67,20-Dec,,
Buffer,2-3 days before Christmas,,Dec 21-24,,
,,,,,
FINAL RECOMMENDATION,,,,,
We strongly recommend Option 2 (WITHOUT Excel Import/Export):,,,,,
,,,,,
1. CHRISTMAS DEADLINE: Option 2 done Dec 18 (4-5 day buffer) vs Option 1 done Dec 20 (2-3 day buffer),,,,,
2. COST SAVINGS: $2160 savings (27% reduction),,,,,
3. LOWER RISK: Excel validation is VERY complex - 18 hours of complex conditional logic,,,,,
4. BETTER UX: Real-time UI validation is superior to Excel upload with errors after the fact,,,,,
5. CLIENT PAIN POINT: You mentioned Excel causes frustration - removing it helps,,,,,
6. EASIER MAINTENANCE: No Excel parsing logic to maintain,,,,,
7. PHASE 2 OPTION: Can add Excel in January if really needed (after core is stable),,,,,
,,,,,
ALTERNATIVE IF BUDGET IS TIGHT,,,,,
Option 2A - Bare Minimum (42 hours @ $5040):,,,,,
#NAME?,,,,,
- All 7 components updated,,,,,
#NAME?,,,,,
#NAME?,,,,,
#NAME?,,,,,
#NAME?,,,,,
#NAME?,,,,,
